observation_date,A063RC1Q027SBEA,A180RC1Q027SBEA,B075RC1Q027SBEA,B102RC1Q027SBEA,GCEC1,GDPC1,W007RC1Q027SBEA,W055RC1Q027SBEA,W072RC1Q027SBEA,W782RC1Q027SBEA
1947-01-01,9.352,5.901,10.876,0.620,560.515,2182.681,7.792,19.165,9.887,6.348
1947-04-01,9.196,5.915,10.296,0.584,560.091,2176.892,7.532,19.475,10.208,5.964
1947-07-01,13.052,5.917,10.144,0.580,560.034,2172.432,7.416,19.721,10.615,5.160
1947-10-01,10.112,6.011,11.040,0.632,555.556,2206.452,7.916,20.799,11.058,4.784
1948-01-01,10.308,6.066,11.352,0.656,563.895,2239.682,7.540,21.198,11.423,4.848
1948-04-01,10.072,6.118,11.956,0.692,583.846,2276.690,7.920,18.949,11.745,4.552
1948-07-01,9.744,6.175,11.728,0.680,596.087,2289.770,7.912,18.245,12.094,4.580
1948-10-01,9.400,6.318,11.296,0.656,618.100,2292.364,7.940,18.428,12.330,4.484
1949-01-01,10.140,6.447,10.180,0.656,634.547,2260.807,7.772,17.803,12.597,5.176
1949-04-01,10.712,6.536,8.944,0.576,662.174,2253.128,7.928,16.998,12.894,5.072
1949-07-01,11.184,6.617,9.336,0.600,665.721,2276.424,8.056,16.303,13.197,4.796
1949-10-01,11.392,6.729,9.160,0.588,654.121,2257.352,7.724,15.828,13.448,4.516
1950-01-01,19.768,6.837,12.856,0.584,642.039,2346.104,7.852,16.622,13.702,5.312
1950-04-01,13.280,6.939,15.408,0.700,653.806,2417.682,8.496,17.599,13.966,5.312
1950-07-01,10.220,7.054,18.864,0.860,643.275,2511.127,9.820,18.915,14.560,5.496
1950-10-01,10.400,7.143,20.704,0.936,688.730,2559.214,8.768,22.512,14.636,5.808
1951-01-01,10.300,7.233,25.020,1.028,762.013,2593.967,9.828,24.425,15.266,6.624
1951-04-01,10.548,7.270,21.132,0.872,863.552,2638.898,8.804,26.372,15.265,6.708
1951-07-01,10.684,7.372,19.100,0.788,958.430,2693.259,8.832,27.791,15.649,6.580
1951-10-01,10.620,7.539,20.432,0.844,1009.059,2699.156,9.296,29.632,16.040,6.696
1952-01-01,10.480,7.634,18.684,0.844,1039.017,2727.954,9.740,30.876,16.347,6.964
1952-04-01,10.628,7.704,17.576,0.796,1074.374,2733.800,10.132,31.813,16.786,6.848
1952-07-01,11.396,7.831,17.516,0.792,1085.214,2753.517,10.132,32.274,17.202,6.896
1952-10-01,11.472,7.971,19.348,0.872,1103.302,2843.941,10.480,33.057,17.665,7.072
1953-01-01,11.464,8.100,20.420,0.864,1138.261,2896.811,10.784,33.411,17.962,7.088
1953-04-01,11.428,8.186,20.508,0.868,1161.607,2919.206,10.936,33.439,18.242,7.160
1953-07-01,11.676,8.335,20.032,0.844,1149.285,2902.785,10.732,33.187,18.587,7.196
1953-10-01,12.128,8.478,15.580,0.660,1146.434,2858.845,10.376,32.931,18.785,7.072
1954-01-01,12.888,8.657,15.376,0.720,1116.653,2845.192,9.720,30.196,18.961,8.092
1954-04-01,13.568,8.806,15.872,0.740,1078.860,2848.305,9.600,29.977,19.212,8.056
1954-07-01,13.944,8.948,16.872,0.788,1055.542,2880.482,9.244,30.005,19.500,8.080
1954-10-01,14.588,9.051,18.180,0.844,1049.200,2936.852,9.464,30.462,19.855,8.172
1955-01-01,14.556,9.098,20.196,0.936,1049.830,3020.746,9.984,31.412,20.264,8.900
1955-04-01,14.736,9.123,20.432,0.948,1039.546,3069.910,10.524,32.429,20.704,9.068
1955-07-01,14.864,9.397,20.908,0.980,1046.213,3111.379,10.628,33.364,21.313,9.220
1955-10-01,14.860,9.693,21.748,1.008,1025.470,3130.068,10.576,34.231,21.875,9.280
1956-01-01,15.176,9.789,20.640,1.044,1025.219,3117.922,10.592,35.367,22.439,9.884
1956-04-01,15.364,10.165,21.028,1.068,1045.932,3143.694,10.576,36.239,23.020,9.996
1956-07-01,15.812,10.473,19.720,1.008,1036.749,3140.874,11.024,36.901,23.573,10.024
1956-10-01,16.016,11.117,20.800,1.056,1063.129,3192.570,11.672,37.857,24.052,10.164
1957-01-01,16.836,11.117,21.256,1.088,1085.921,3213.011,11.560,38.578,24.584,11.428
1957-04-01,18.032,11.490,20.316,1.040,1080.303,3205.970,11.548,38.965,25.013,11.460
1957-07-01,18.224,11.742,19.844,1.020,1089.494,3237.386,11.656,39.197,25.356,11.532
1957-10-01,19.436,12.184,18.028,0.928,1107.405,3203.894,11.236,38.804,25.510,11.356
1958-01-01,20.808,11.701,15.440,0.888,1097.821,3120.724,11.036,38.178,25.787,11.364
1958-04-01,22.648,11.703,15.768,0.908,1125.194,3141.224,11.196,37.696,26.135,11.288
1958-07-01,22.976,11.997,17.876,1.032,1131.649,3213.884,11.056,38.945,26.739,11.456
1958-10-01,22.472,12.477,20.660,1.188,1154.467,3289.032,11.504,39.376,27.425,11.576
1959-01-01,22.736,13.548,21.560,1.160,1142.671,3352.129,11.836,40.758,27.934,13.700
1959-04-01,22.612,13.253,23.604,1.272,1156.740,3427.667,12.076,41.986,28.216,13.944
1959-07-01,22.844,13.918,20.896,1.128,1166.589,3430.057,12.460,42.679,29.262,13.900
1959-10-01,23.476,14.462,20.232,1.088,1157.052,3439.832,12.472,43.733,29.952,13.952
1960-01-01,23.304,17.526,22.704,1.380,1137.363,3517.181,13.252,45.292,30.444,16.456
1960-04-01,23.968,17.624,20.772,1.264,1150.170,3498.246,13.128,46.028,31.219,16.488
1960-07-01,24.740,17.386,19.844,1.204,1178.324,3515.385,13.036,46.528,31.825,16.544
1960-10-01,25.700,17.275,18.880,1.148,1186.511,3470.278,12.872,46.424,32.412,16.424
1961-01-01,27.512,17.302,18.696,1.160,1204.136,3493.703,12.856,46.511,32.920,16.788
1961-04-01,28.348,17.618,20.072,1.244,1207.172,3553.021,13.020,46.944,33.443,16.956
1961-07-01,28.504,18.045,21.288,1.320,1232.997,3621.252,13.160,47.402,34.096,17.116
1961-10-01,27.992,18.435,23.160,1.436,1260.059,3692.289,13.608,48.143,34.769,17.368
1962-01-01,28.520,18.949,21.536,1.488,1284.377,3758.147,13.920,49.402,35.476,18.940
1962-04-01,28.460,19.450,21.268,1.472,1290.924,3792.149,13.948,50.924,35.958,19.164
1962-07-01,28.852,19.959,21.912,1.520,1320.783,3838.776,14.372,52.319,36.516,19.252
1962-10-01,29.540,20.284,21.968,1.528,1329.937,3851.421,14.284,53.575,37.054,19.340
1963-01-01,30.852,20.573,22.048,1.540,1311.923,3893.482,14.392,54.101,37.613,21.396
1963-04-01,29.852,20.960,23.624,1.648,1312.902,3937.183,14.672,54.311,38.266,21.620
1963-07-01,30.076,21.457,24.288,1.692,1371.177,4023.755,14.776,54.593,39.143,21.820
1963-10-01,30.584,22.029,24.832,1.732,1357.005,4050.147,14.904,55.203,39.778,22.104
1964-01-01,31.496,22.416,24.408,1.828,1361.263,4135.553,14.980,53.755,40.691,22.104
1964-04-01,31.036,22.857,24.404,1.828,1373.511,4180.592,15.340,49.723,41.406,22.348
1964-07-01,31.264,23.051,24.940,1.872,1375.153,4245.918,15.484,51.575,42.397,22.600
1964-10-01,31.472,23.364,24.484,1.848,1374.590,4259.046,15.892,53.223,42.886,22.804
1965-01-01,32.700,23.827,26.284,1.876,1373.018,4362.111,16.368,56.964,43.816,22.976
1965-04-01,32.340,24.351,27.104,1.940,1389.271,4417.225,15.652,58.415,44.688,23.280
1965-07-01,35.896,24.587,27.596,1.980,1435.360,4515.427,14.724,57.005,45.792,23.636
1965-10-01,34.716,25.077,29.424,2.112,1462.544,4619.458,14.964,58.272,46.832,24.108
1966-01-01,35.692,25.639,30.244,2.256,1489.775,4731.888,13.840,61.526,47.525,30.484
1966-04-01,35.772,26.340,30.152,2.256,1517.912,4748.046,14.604,65.567,48.223,30.948
1966-07-01,37.512,27.053,29.700,2.232,1559.275,4788.254,14.520,67.854,49.228,32.028
1966-10-01,41.040,27.750,29.020,2.176,1586.198,4827.537,14.832,70.565,50.072,32.304
1967-01-01,43.928,28.119,27.808,2.580,1653.233,4870.299,14.888,71.175,50.676,33.744
1967-04-01,45.008,28.392,27.520,2.576,1646.377,4873.287,15.160,70.942,51.672,34.688
1967-07-01,46.408,29.267,27.764,2.600,1664.669,4919.392,15.204,73.833,53.542,35.348
1967-10-01,47.664,30.582,29.384,2.744,1677.307,4956.477,15.404,75.894,55.202,36.136
1968-01-01,49.920,31.344,32.956,3.244,1707.281,5057.553,16.156,78.564,57.211,37.720
1968-04-01,53.196,32.461,33.504,3.304,1716.107,5142.033,16.704,81.665,58.720,38.560
1968-07-01,54.452,33.321,33.540,3.308,1721.216,5181.859,17.264,91.861,60.429,39.220
1968-10-01,55.656,34.026,34.364,3.384,1722.739,5202.212,17.364,95.858,61.780,39.856
1969-01-01,57.184,34.316,34.616,3.808,1726.594,5283.597,17.280,102.602,63.309,43.100
1969-04-01,58.180,35.626,33.508,3.668,1721.163,5299.625,17.828,105.660,65.073,43.904
1969-07-01,59.528,37.147,32.244,3.516,1724.612,5334.600,18.228,104.139,66.989,44.844
1969-10-01,61.000,39.448,31.812,3.448,1701.376,5308.556,17.912,105.623,68.805,45.512
1970-01-01,62.980,41.780,26.952,3.756,1693.165,5300.652,17.856,104.573,70.610,46.216
1970-04-01,73.112,43.647,27.024,3.736,1673.464,5308.164,18.104,105.512,72.431,46.488
1970-07-01,73.500,45.583,27.904,3.832,1680.531,5357.077,18.188,100.657,74.324,46.948
1970-10-01,77.356,46.523,26.608,3.636,1681.319,5299.672,18.176,101.538,75.963,46.720
1971-01-01,79.348,47.304,29.872,4.088,1656.742,5443.619,19.400,98.331,78.252,50.764
1971-04-01,86.928,47.847,30.680,4.216,1652.914,5473.059,18.720,100.714,80.227,51.376
1971-07-01,86.872,49.058,29.752,4.372,1652.012,5518.072,18.868,102.307,82.806,51.648
1971-10-01,88.500,50.274,30.092,4.460,1640.336,5531.032,18.980,105.468,84.719,52.228
1972-01-01,91.432,51.373,31.760,4.992,1649.269,5632.649,18.192,119.785,86.368,58.520
1972-04-01,91.860,52.665,32.008,5.044,1655.872,5760.470,18.260,123.370,88.526,59.172
1972-07-01,92.852,54.043,33.120,5.224,1624.317,5814.854,18.512,124.277,90.350,59.864
1972-10-01,103.088,55.774,36.616,5.748,1637.754,5912.220,18.960,127.128,92.544,60.756
1973-01-01,105.428,58.577,39.288,6.036,1651.865,6058.544,19.540,126.399,95.060,74.144
1973-04-01,107.588,60.994,39.356,6.072,1640.230,6124.506,19.852,129.181,96.333,75.268
1973-07-01,109.232,63.243,37.588,5.856,1620.936,6092.301,19.728,134.089,98.669,76.620
1973-10-01,112.264,65.106,39.444,6.148,1633.097,6150.131,20.076,139.959,99.622,78.120
1974-01-01,117.544,66.569,37.372,6.328,1662.599,6097.258,19.784,142.792,101.022,83.676
1974-04-01,125.376,68.488,39.296,6.632,1670.929,6111.751,20.076,148.902,103.992,85.260
1974-07-01,132.240,70.766,43.496,7.280,1674.253,6053.978,20.220,154.911,106.834,86.920
1974-10-01,139.064,72.281,38.096,6.476,1682.266,6030.464,20.176,157.587,107.504,87.144
1975-01-01,149.756,73.983,31.480,6.112,1700.574,5957.035,19.800,157.988,109.021,88.220
1975-04-01,164.644,76.028,34.184,6.636,1686.211,5999.610,21.328,121.068,111.683,88.612
1975-07-01,167.728,78.406,43.164,8.196,1717.716,6102.326,23.300,152.831,114.899,90.348
1975-10-01,170.408,81.196,43.880,8.444,1732.769,6184.530,23.880,158.541,117.257,92.408
1976-01-01,174.719,83.691,49.888,9.676,1735.490,6323.649,20.804,162.503,120.870,99.576
1976-04-01,173.051,85.592,48.956,9.628,1716.171,6370.025,21.340,169.337,123.516,101.056
1976-07-01,180.075,87.610,48.488,9.660,1711.140,6404.895,21.668,176.128,126.025,102.836
1976-10-01,182.727,90.004,47.496,9.580,1710.087,6451.177,21.684,182.716,129.645,104.424
1977-01-01,185.496,91.504,51.000,10.516,1724.629,6527.703,21.956,188.798,132.880,110.000
1977-04-01,186.416,93.906,55.712,11.388,1740.413,6654.466,22.528,195.691,135.500,112.840
1977-07-01,191.704,96.604,57.876,11.848,1747.409,6774.457,23.200,198.551,138.332,115.104
1977-10-01,194.312,100.996,58.124,11.964,1743.244,6774.592,23.208,208.476,141.052,117.468
1978-01-01,197.700,106.142,54.444,10.516,1743.682,6796.260,23.952,211.996,142.960,124.743
1978-04-01,198.952,110.234,66.204,12.372,1787.410,7058.920,25.364,223.084,147.695,129.889
1978-07-01,207.144,114.636,66.668,12.480,1803.917,7129.915,25.476,236.298,144.235,134.235
1978-10-01,209.912,118.773,70.260,13.056,1820.148,7225.750,26.320,247.218,147.590,139.632
1979-01-01,214.871,123.097,66.636,13.692,1802.151,7238.727,25.856,253.625,150.585,146.890
1979-04-01,219.195,126.419,66.532,13.792,1819.707,7246.454,25.936,261.998,152.557,151.230
1979-07-01,234.595,129.766,65.280,13.608,1825.020,7300.281,25.344,274.827,155.558,156.289
1979-10-01,240.675,134.556,62.148,13.180,1837.039,7318.535,25.600,285.202,158.968,160.304
1980-01-01,251.229,141.745,67.004,16.068,1864.003,7341.557,27.612,284.825,161.901,162.917
1980-04-01,256.225,147.855,49.832,12.756,1867.666,7190.289,33.552,292.174,163.344,163.902
1980-07-01,287.853,149.844,55.952,13.952,1842.245,7181.743,36.144,302.195,168.150,167.972
1980-10-01,290.685,155.579,61.664,15.088,1841.838,7315.677,37.344,318.854,173.273,174.021
1981-01-01,296.119,170.445,58.536,16.816,1866.472,7459.022,50.660,330.898,180.182,191.018
1981-04-01,298.963,175.393,50.708,15.164,1870.062,7403.745,51.828,342.672,183.668,194.755
1981-07-01,316.987,183.132,52.700,15.656,1863.621,7492.405,49.144,356.887,188.322,199.536
1981-10-01,319.167,191.402,44.764,14.132,1887.304,7410.768,48.084,352.663,190.688,202.167
1982-01-01,324.265,197.490,33.484,14.140,1885.192,7295.631,43.472,352.515,193.929,207.206
1982-04-01,333.233,203.396,34.736,14.268,1892.356,7328.912,39.964,359.735,198.298,209.231
1982-07-01,349.665,210.314,35.424,14.380,1907.531,7300.896,40.056,350.149,201.721,211.507
1982-10-01,365.153,213.460,31.724,13.348,1936.943,7303.817,40.332,356.573,205.960,212.400
1983-01-01,367.954,217.363,34.272,12.784,1955.554,7400.066,41.064,350.873,209.600,220.176
1983-04-01,373.738,223.458,46.256,15.664,1971.659,7568.456,45.256,359.553,215.983,224.208
1983-07-01,368.510,231.968,53.312,17.392,2005.680,7719.746,45.452,345.432,222.042,228.911
1983-10-01,371.794,239.070,54.624,17.744,1973.580,7880.794,45.760,355.658,227.967,235.538
1984-01-01,376.284,247.151,64.816,20.068,1994.498,8034.847,46.972,361.174,234.672,250.780
1984-04-01,379.016,253.956,63.800,19.860,2037.823,8173.670,47.468,370.444,240.280,256.785
1984-07-01,380.432,265.619,53.776,17.544,2054.317,8252.465,47.448,384.110,244.724,261.833
1984-10-01,387.904,273.530,54.344,17.724,2097.444,8320.199,47.312,395.936,250.216,265.827
1985-01-01,398.094,277.866,57.736,19.964,2120.284,8400.820,46.364,432.285,254.683,275.738
1985-04-01,400.474,284.336,56.332,19.628,2167.338,8474.787,45.652,388.524,260.049,279.751
1985-07-01,405.606,287.355,60.828,20.920,2216.743,8604.220,46.788,421.527,265.063,284.618
1985-10-01,408.274,293.560,58.980,20.476,2225.878,8668.188,45.404,428.916,268.529,291.073
1986-01-01,419.897,298.957,63.008,21.384,2243.464,8749.127,44.492,426.304,273.003,298.158
1986-04-01,425.617,302.191,63.432,22.048,2290.227,8788.524,42.916,429.417,276.559,301.868
1986-07-01,433.069,303.957,64.560,22.376,2340.115,8872.601,43.816,439.467,282.339,306.927
1986-10-01,435.845,305.627,73.088,24.836,2330.449,8920.193,43.568,456.036,286.799,312.607
1987-01-01,441.861,308.216,76.035,22.679,2344.118,8986.367,44.128,450.732,291.907,317.388
1987-04-01,447.533,311.162,87.267,24.519,2362.291,9083.256,45.836,511.671,298.533,321.525
1987-07-01,449.449,315.890,91.347,24.825,2364.769,9162.024,46.412,488.976,305.966,326.326
1987-10-01,452.809,323.369,87.146,23.582,2400.223,9319.332,47.384,506.969,310.014,333.313
1988-01-01,470.329,328.028,84.535,23.424,2380.198,9367.502,49.564,502.070,315.656,352.708
1988-04-01,473.417,329.475,90.048,25.223,2387.303,9490.594,49.316,497.805,323.184,359.980
1988-07-01,478.849,335.147,97.763,27.305,2387.578,9546.206,50.240,506.668,327.286,366.200
1988-10-01,484.861,342.259,102.702,28.176,2433.900,9673.405,50.188,517.213,332.424,373.736
1989-01-01,508.175,353.961,104.886,27.812,2423.185,9771.725,50.816,552.879,340.192,379.697
1989-04-01,515.671,361.618,94.438,24.247,2460.441,9846.293,49.236,566.694,348.249,384.289
1989-07-01,524.683,364.646,91.577,22.801,2482.562,9919.228,50.040,571.581,353.899,388.869
1989-10-01,535.751,368.164,91.371,22.096,2495.007,9938.767,48.872,579.785,354.161,394.894
1990-01-01,556.212,372.969,91.050,21.420,2534.913,10047.386,50.276,582.523,369.272,403.512
1990-04-01,567.520,378.083,94.660,22.111,2538.916,10083.855,50.764,594.611,368.686,408.815
1990-07-01,578.132,387.698,96.957,22.978,2542.963,10090.569,51.132,600.726,375.619,416.584
1990-10-01,596.832,394.541,95.381,23.436,2559.964,9998.704,51.476,600.814,382.734,419.388
1991-01-01,622.484,401.352,91.497,23.784,2575.220,9951.916,59.704,580.772,384.304,423.019
1991-04-01,643.468,407.506,87.467,23.420,2585.693,10029.510,61.324,585.925,390.228,429.703
1991-07-01,653.752,410.168,88.169,23.731,2578.454,10080.195,61.828,590.237,399.442,435.558
1991-10-01,682.324,415.738,89.502,23.629,2559.584,10115.329,64.204,598.671,407.328,440.648
1992-01-01,710.499,415.512,99.816,25.193,2582.280,10236.435,63.640,588.897,412.767,452.493
1992-04-01,729.131,418.034,102.025,24.742,2577.285,10347.429,63.064,607.169,418.158,458.105
1992-07-01,741.327,418.523,98.921,23.177,2593.701,10449.673,61.860,616.201,424.117,461.215
1992-10-01,746.043,416.795,107.215,24.408,2593.400,10558.648,64.616,638.942,425.282,456.539
1993-01-01,766.502,422.046,111.535,24.832,2561.222,10576.275,62.220,617.005,427.528,475.941
1993-04-01,771.682,423.147,121.915,26.754,2561.456,10637.847,64.756,643.507,432.794,476.416
1993-07-01,786.278,423.813,115.458,25.192,2565.100,10688.606,65.360,659.210,439.531,481.029
1993-10-01,791.278,421.965,141.019,30.847,2574.165,10833.987,73.096,675.296,447.217,485.197
1994-01-01,805.336,420.578,122.361,27.106,2542.324,10939.116,75.463,673.667,456.000,500.407
1994-04-01,810.068,428.726,129.287,28.721,2554.916,11087.361,78.643,697.839,465.752,507.581
1994-07-01,813.628,437.619,142.417,31.401,2597.991,11152.176,80.487,695.382,470.023,513.570
1994-10-01,833.800,449.398,150.947,32.653,2575.394,11279.932,81.351,705.402,473.271,521.111
1995-01-01,857.940,463.265,155.253,32.540,2584.415,11319.951,76.570,724.613,478.751,528.188
1995-04-01,865.620,472.866,153.136,31.287,2593.101,11353.721,75.726,746.808,477.867,532.703
1995-07-01,870.744,477.271,159.120,31.887,2586.304,11450.310,75.434,752.216,483.512,538.068
1995-10-01,864.604,478.622,156.215,30.909,2559.248,11528.067,74.482,769.990,489.268,543.052
1996-01-01,893.239,479.068,162.360,31.931,2576.137,11614.418,72.645,801.731,497.773,545.944
1996-04-01,912.859,476.378,171.925,33.527,2608.232,11808.140,71.177,839.564,506.506,554.381
1996-07-01,908.543,480.154,172.576,33.284,2608.223,11914.063,71.701,843.542,510.053,561.768
1996-10-01,910.659,481.854,175.295,33.350,2626.227,12037.775,75.893,863.498,517.264,569.371
1997-01-01,930.508,482.644,176.905,33.109,2612.572,12115.472,71.965,902.112,523.750,577.300
1997-04-01,931.268,485.340,180.472,33.558,2646.418,12317.221,79.713,916.234,530.683,584.877
1997-07-01,937.220,486.849,190.457,35.546,2658.663,12471.010,79.949,941.108,536.631,593.572
1997-10-01,942.676,486.412,181.510,34.368,2672.005,12577.495,79.721,967.830,544.045,605.270
1998-01-01,951.841,483.715,178.769,34.686,2662.448,12703.742,79.482,996.132,549.571,613.322
1998-04-01,955.981,481.296,175.397,34.544,2709.053,12821.339,80.110,1022.352,555.409,622.763
1998-07-01,957.393,479.051,180.118,35.679,2729.468,12982.752,81.462,1043.209,561.565,632.569
1998-10-01,966.445,473.092,176.440,34.827,2745.584,13191.670,81.738,1067.989,568.552,642.359
1999-01-01,983.370,466.637,186.026,36.254,2765.048,13315.597,81.287,1077.946,576.241,653.338
1999-04-01,985.006,466.379,184.420,35.462,2775.035,13426.748,81.639,1095.158,585.429,658.967
1999-07-01,996.118,464.611,187.683,35.583,2808.440,13604.771,83.767,1120.596,595.236,666.393
1999-10-01,1004.314,464.865,192.100,35.885,2852.137,13827.980,87.035,1153.957,603.704,679.614
2000-01-01,1016.905,464.311,202.205,37.188,2831.903,13878.147,86.123,1208.755,612.427,699.456
2000-04-01,1042.261,463.248,201.051,36.549,2859.814,14130.908,88.379,1230.160,618.935,701.947
2000-07-01,1054.713,463.789,185.570,33.479,2847.750,14145.312,87.539,1247.708,623.720,715.187
2000-10-01,1065.625,467.898,187.559,33.708,2865.194,14229.765,86.963,1258.695,630.134,720.982
2001-01-01,1107.772,466.375,154.940,30.114,2909.984,14183.120,87.071,1301.904,637.109,736.102
2001-04-01,1139.088,461.148,148.655,30.385,2960.454,14271.694,86.339,1308.869,637.807,736.889
2001-07-01,1145.216,458.154,130.945,28.312,2957.571,14214.516,83.639,1113.622,641.699,736.117
2001-10-01,1191.244,453.594,115.785,26.601,3006.637,14253.574,84.083,1231.793,653.012,738.705
2002-01-01,1220.964,444.603,115.523,28.300,3059.334,14372.785,84.677,1075.158,659.349,746.861
2002-04-01,1247.064,447.704,119.873,30.157,3082.755,14460.848,87.313,1050.988,663.978,755.264
2002-07-01,1259.883,454.181,126.493,31.466,3098.595,14519.633,88.024,1044.121,680.467,758.096
2002-10-01,1276.179,462.407,141.963,33.533,3121.374,14537.580,87.281,1038.444,689.031,760.783
2003-01-01,1294.641,467.769,161.534,34.516,3124.051,14614.141,90.095,1021.348,698.517,767.146
2003-04-01,1312.580,475.079,160.900,31.731,3152.710,14743.567,90.044,1020.795,709.948,777.813
2003-07-01,1335.528,479.413,180.308,33.559,3159.860,14988.782,89.580,950.666,723.411,787.734
2003-10-01,1341.230,480.079,200.390,36.181,3178.923,15162.760,91.110,1021.343,729.760,800.139
2004-01-01,1379.604,477.283,209.161,37.828,3193.302,15248.680,94.144,1012.259,753.180,813.421
2004-04-01,1400.567,474.535,225.965,40.794,3201.827,15366.850,94.776,1026.759,765.123,827.997
2004-07-01,1409.807,480.529,244.456,43.889,3207.809,15512.619,95.915,1064.383,775.416,843.653
2004-10-01,1427.907,490.283,249.235,44.320,3205.846,15670.880,96.219,1091.579,797.619,849.461
2005-01-01,1464.399,502.884,315.292,55.301,3221.699,15844.727,97.198,1172.277,817.860,862.745
2005-04-01,1485.975,519.147,306.060,52.976,3219.797,15922.782,101.430,1196.293,835.887,870.962
2005-07-01,1500.983,527.418,311.917,53.306,3230.377,16047.587,100.348,1225.480,851.755,884.222
2005-10-01,1512.309,536.619,344.693,58.189,3232.898,16136.734,98.670,1255.774,866.604,894.120
2006-01-01,1566.727,543.204,357.206,59.648,3273.905,16353.835,99.120,1320.481,882.724,917.854
2006-04-01,1583.169,555.342,367.265,60.316,3272.721,16396.151,99.500,1351.258,892.187,922.677
2006-07-01,1608.470,566.442,384.807,61.764,3267.713,16420.738,100.229,1358.615,903.874,927.190
2006-10-01,1613.750,578.486,354.554,55.240,3294.635,16561.866,98.141,1397.497,912.383,940.820
2007-01-01,1680.166,588.312,354.450,59.196,3299.115,16611.690,93.917,1466.544,931.937,960.377
2007-04-01,1680.378,600.403,347.737,59.436,3329.139,16713.314,93.728,1495.933,939.352,961.960
2007-07-01,1700.184,606.277,314.617,56.296,3344.222,16809.587,95.376,1498.852,940.422,965.292
2007-10-01,1728.613,605.074,296.157,56.588,3370.950,16915.191,95.479,1508.627,957.107,976.875
2008-01-01,1768.236,593.305,241.721,50.204,3378.654,16843.003,93.228,1535.137,952.519,988.755
2008-04-01,2113.023,583.281,227.113,51.620,3407.753,16943.291,95.285,1552.464,959.407,990.996
2008-07-01,1905.291,588.561,211.528,52.840,3435.100,16854.295,93.720,1497.496,964.772,996.387
2008-10-01,1890.845,604.068,127.480,35.072,3458.839,16485.350,93.717,1444.906,946.311,996.611
2009-01-01,2001.934,610.855,122.734,43.742,3498.103,16298.262,86.680,1202.365,929.232,964.737
2009-04-01,2140.009,618.114,138.944,49.624,3549.027,16269.145,94.266,1131.101,923.045,971.240
2009-07-01,2136.899,625.859,159.402,41.279,3558.540,16326.281,91.375,1135.303,937.377,968.794
2009-10-01,2152.072,631.386,190.770,43.391,3565.188,16502.754,93.215,1140.741,952.081,972.153
2010-01-01,2262.202,632.348,204.712,45.061,3549.775,16582.710,93.053,1191.795,951.591,978.597
2010-04-01,2268.678,644.787,212.162,43.431,3560.566,16743.162,96.392,1213.243,965.747,989.472
2010-07-01,2292.046,654.109,227.111,45.450,3535.371,16872.266,98.939,1256.304,970.137,992.298
2010-10-01,2302.719,662.591,233.562,50.434,3512.905,16960.864,98.736,1289.139,977.700,994.314
2011-01-01,2313.047,673.281,228.874,48.412,3469.798,16920.632,104.706,1426.570,986.798,916.210
2011-04-01,2312.115,688.556,227.162,49.753,3446.079,17035.114,109.061,1445.862,996.422,918.875
2011-07-01,2303.155,698.915,201.742,46.411,3396.917,17031.313,109.365,1471.428,994.515,927.295
2011-10-01,2312.239,704.079,238.033,48.964,3394.613,17222.583,111.361,1470.904,1002.668,921.863
2012-01-01,2296.839,705.183,261.540,49.174,3380.162,17367.010,113.932,1468.324,1016.945,944.865
2012-04-01,2321.844,705.332,275.518,49.523,3362.330,17444.525,114.393,1487.683,1019.504,949.354
2012-07-01,2325.578,704.178,280.818,52.058,3357.201,17469.650,114.731,1510.004,1016.593,952.300
2012-10-01,2346.080,700.294,280.925,51.905,3324.137,17489.852,117.601,1572.046,1030.760,974.121
2013-01-01,2365.680,688.126,298.004,52.612,3293.099,17662.400,122.325,1650.843,1053.084,1095.858
2013-04-01,2378.276,684.261,292.920,54.330,3288.858,17709.671,124.426,1683.862,1054.928,1108.227
2013-07-01,2396.021,684.312,300.576,53.278,3272.825,17860.450,126.359,1676.332,1063.832,1111.367
2013-10-01,2403.662,689.466,302.225,54.424,3247.579,18016.147,128.800,1699.103,1069.540,1122.309
2014-01-01,2433.239,694.631,337.427,55.194,3233.646,17953.974,136.656,1745.793,1079.280,1145.001
2014-04-01,2484.542,701.794,358.973,55.308,3238.033,18185.911,135.469,1759.499,1099.377,1149.730
2014-07-01,2524.600,703.929,329.614,57.091,3259.900,18406.941,137.408,1799.758,1108.216,1161.380
2014-10-01,2552.117,705.068,332.584,57.806,3257.472,18500.031,137.216,1837.669,1117.227,1179.092
2015-01-01,2597.681,693.256,345.413,57.333,3277.170,18666.621,141.215,1905.569,1117.887,1194.201
2015-04-01,2633.852,692.808,350.684,57.627,3309.301,18782.243,145.092,1943.891,1125.779,1206.138
2015-07-01,2647.824,697.805,324.673,55.551,3326.769,18857.418,137.803,1948.277,1138.042,1216.101
2015-10-01,2661.228,708.212,295.581,53.736,3341.055,18892.206,143.347,1965.813,1144.650,1223.620
2016-01-01,2686.182,723.604,310.829,53.275,3371.646,19001.690,139.463,1925.301,1153.026,1230.846
2016-04-01,2706.534,734.416,314.735,52.402,3369.042,19062.709,136.635,1943.994,1160.886,1237.010
2016-07-01,2726.349,742.134,322.641,52.873,3383.696,19197.938,136.568,1972.517,1183.558,1248.092
2016-10-01,2750.064,748.135,299.247,54.179,3389.649,19304.352,136.411,1993.195,1189.955,1261.516
2017-01-01,2779.052,751.741,211.766,55.141,3380.244,19398.343,127.560,2004.238,1209.368,1282.560
2017-04-01,2789.671,763.507,225.749,53.840,3389.811,19506.949,131.714,2012.301,1221.766,1294.889
2017-07-01,2823.446,772.999,241.489,54.206,3394.009,19660.766,131.785,2055.065,1240.181,1310.092
2017-10-01,2837.559,782.329,242.376,54.548,3424.498,19882.352,134.679,2123.711,1258.834,1329.081
2018-01-01,2892.214,791.693,215.492,54.867,3431.709,20044.077,150.069,2071.599,1273.222,1349.090
2018-04-01,2917.241,814.667,229.090,60.415,3456.309,20150.476,155.670,2058.107,1285.258,1359.026
2018-07-01,2937.894,837.341,225.544,61.598,3483.628,20276.154,163.432,2085.264,1300.160,1375.708
2018-10-01,2956.544,862.889,229.696,63.634,3488.352,20304.874,184.646,2081.643,1315.918,1384.327
2019-01-01,3048.156,881.510,197.363,71.816,3536.600,20431.641,174.831,2155.386,1333.497,1416.850
2019-04-01,3083.971,894.020,205.603,76.825,3584.587,20602.275,169.178,2217.737,1351.022,1424.283
2019-07-01,3109.315,887.281,206.911,74.075,3625.512,20843.322,176.810,2195.306,1376.769,1430.902
2019-10-01,3121.600,870.279,231.928,70.285,3654.831,20985.448,178.844,2226.222,1373.575,1448.601
2020-01-01,3177.666,842.925,192.531,63.522,3694.317,20709.212,183.507,2251.852,1371.836,1473.516
2020-04-01,5470.378,808.067,199.682,68.482,3773.803,19077.992,130.053,2112.109,1287.871,1402.920
2020-07-01,4364.495,797.803,257.725,81.592,3709.590,20558.879,149.564,2250.590,1390.747,1452.796
2020-10-01,3737.510,804.497,250.997,78.209,3713.073,20791.917,158.270,2378.340,1413.211,1490.314
2021-01-01,6023.466,821.214,279.950,81.569,3765.689,21082.134,161.186,2544.230,1440.489,1507.577
2021-04-01,4317.775,844.118,339.254,99.639,3721.606,21440.929,181.274,2667.848,1523.261,1543.564
2021-07-01,4045.609,863.037,348.713,123.721,3693.852,21617.828,184.064,2741.064,1536.448,1581.373
2021-10-01,3879.996,874.966,373.985,173.401,3693.416,21988.737,195.731,2838.884,1577.890,1627.789
2022-01-01,3947.791,882.991,385.017,184.679,3665.467,21932.710,206.807,3259.164,1598.119,1669.324
2022-04-01,3987.005,922.683,425.572,164.357,3652.407,21967.045,210.733,3297.558,1632.643,1691.516
2022-07-01,3999.876,990.480,416.917,169.641,3667.845,22125.625,200.823,3223.287,1650.298,1735.273
2022-10-01,4117.321,1070.835,419.327,178.802,3705.121,22278.345,188.601,3193.131,1649.865,1745.525
2023-01-01,4123.330,1127.794,419.217,173.926,3742.908,22439.607,180.629,2825.270,1664.227,1766.955
2023-04-01,4161.608,1173.417,415.489,170.223,3773.544,22580.499,177.616,2810.488,1666.845,1791.788
2023-07-01,4150.309,1253.464,428.441,168.539,3821.238,22840.989,175.034,2840.684,1690.021,1822.411
2023-10-01,4166.995,1319.310,442.673,172.685,3865.061,23033.780,174.697,2866.530,1714.983,1847.093
2024-01-01,4346.450,1354.290,472.258,173.190,3887.055,23082.119,181.551,2903.380,1740.160,1891.325
2024-04-01,4424.854,1383.028,495.256,170.555,3919.170,23286.508,179.961,2957.586,1763.244,1919.366
2024-07-01,4492.813,1422.822,490.558,170.134,3971.281,23478.570,189.105,3019.086,1776.756,1941.835
2024-10-01,4558.662,1430.360,508.568,174.222,4003.781,23586.542,189.907,3072.921,1798.057,1965.905
2025-01-01,4684.998,1418.291,469.186,184.384,3993.923,23548.210,198.585,3154.026,1815.772,2002.581
2025-04-01,4851.961,1433.003,469.735,182.957,3992.974,23770.976,370.629,3208.586,1832.485,2023.234
